{	"Name" : "ContextObjectTable", 	"DisplayName" : "Context Object Table", 	"Description" : "Allow you to do complicated Stuff",	"JavaScriptClassName" : "cwContextObjectTable",	"Options": [		{      "Id": "EVOD-url",      "DisplayName": "EVOD url",      "Description": "Evolve On Demand URL",      "Type": 0    },		{      "Id": "RowNodeID",      "DisplayName": "Row Node ID",      "Description": "NodeID you want to display as row",      "Type": 0    },    {      "Id": "ColumnNodeID",      "DisplayName": "Column Node ID",      "Description": "NodeID you want to display as column",      "Type": 0    },    {      "Id": "CellNodeID",      "DisplayName": "Cell Node ID",      "Description": "NodeID you want to display as cell",      "Type": 0    },    {      "Id": "propertiesStyleMap",      "DisplayName": "Properties Style Map",      "Description": "JSON object that describe the mapping between value and css style",      "Type": 0    },    {      "Id": "mainPropertyScriptname",      "DisplayName": "Main Property Scriptname",      "Description": "The Scriptname of your main properties",      "Type": 0    }    ]}